{
  "num_trials": 3,
  "performance": {
    "queries_per_second": {
      "mean": 0.05887342540232687,
      "std": 0.011968043220966711,
      "min": 0.04200141280749443,
      "max": 0.06847239389098253,
      "values": [
        0.04200141280749443,
        0.06847239389098253,
        0.06614646950850366
      ]
    },
    "tokens_per_second": {
      "mean": 5.887342540232687,
      "std": 1.196804322096671,
      "min": 4.200141280749443,
      "max": 6.847239389098252,
      "values": [
        4.200141280749443,
        6.847239389098252,
        6.614646950850366
      ]
    },
    "avg_ttft_ms": {
      "mean": 6000.606770515442,
      "std": 4289.883299588237,
      "min": 2954.8729610443115,
      "max": 12067.401189804077,
      "values": [
        12067.401189804077,
        2954.8729610443115,
        2979.546160697937
      ]
    },
    "p50_ttft_ms": {
      "mean": 5927.750786145528,
      "std": 3869.646136759242,
      "min": 3116.350293159485,
      "max": 11399.56247806549,
      "values": [
        11399.56247806549,
        3267.339587211609,
        3116.350293159485
      ]
    },
    "p95_ttft_ms": {
      "mean": 10127.279710769653,
      "std": 8012.347224477219,
      "min": 4442.877757549286,
      "max": 21458.428966999054,
      "values": [
        21458.428966999054,
        4442.877757549286,
        4480.53240776062
      ]
    },
    "p99_ttft_ms": {
      "mean": 10967.052461306252,
      "std": 8822.126167393677,
      "min": 4672.440962791443,
      "max": 23443.25228929519,
      "values": [
        23443.25228929519,
        4672.440962791443,
        4785.464131832122
      ]
    },
    "avg_tpot_ms": {
      "mean": 95.11895451545713,
      "std": 1.96310714612198,
      "min": 93.4160544872284,
      "max": 97.86929450035095,
      "values": [
        93.4160544872284,
        94.07151455879212,
        97.86929450035095
      ]
    },
    "p50_tpot_ms": {
      "mean": 86.8070375919342,
      "std": 1.7983309004290173,
      "min": 84.60765480995178,
      "max": 89.01263475418091,
      "values": [
        84.60765480995178,
        86.80082321166992,
        89.01263475418091
      ]
    },
    "p95_tpot_ms": {
      "mean": 147.3850852251052,
      "std": 12.284111557091936,
      "min": 135.47030222415918,
      "max": 164.291337609291,
      "values": [
        142.3936158418655,
        135.47030222415918,
        164.291337609291
      ]
    },
    "p99_tpot_ms": {
      "mean": 182.13479443391157,
      "std": 21.431844032495814,
      "min": 154.3652822732925,
      "max": 206.5374663591384,
      "values": [
        185.50163466930377,
        154.3652822732925,
        206.5374663591384
      ]
    },
    "avg_latency_ms": {
      "mean": 15512.502222061157,
      "std": 4172.726402253378,
      "min": 12362.024416923523,
      "max": 21409.006638526917,
      "values": [
        21409.006638526917,
        12362.024416923523,
        12766.475610733032
      ]
    },
    "p50_latency_ms": {
      "mean": 15152.264674504599,
      "std": 4030.345477010834,
      "min": 12227.312088012695,
      "max": 20851.36890411377,
      "values": [
        20851.36890411377,
        12378.11303138733,
        12227.312088012695
      ]
    },
    "p95_latency_ms": {
      "mean": 22027.88800001144,
      "std": 6189.458565034274,
      "min": 15842.196965217589,
      "max": 30484.22266244888,
      "values": [
        30484.22266244888,
        15842.196965217589,
        19757.244372367848
      ]
    },
    "p99_latency_ms": {
      "mean": 26020.256965160366,
      "std": 6875.875172490247,
      "min": 18662.58030652999,
      "max": 35204.99528646469,
      "values": [
        35204.99528646469,
        18662.58030652999,
        24193.195302486412
      ]
    }
  },
  "quality": {
    "faithfulness": {
      "mean": 0.5056293710072836,
      "std": 0.02215154539217957,
      "min": 0.4782117819786072,
      "max": 0.5324623151620229,
      "values": [
        0.4782117819786072,
        0.5324623151620229,
        0.5062140158812205
      ]
    },
    "relevance": {
      "mean": 0.5250649079680443,
      "std": 0.0,
      "min": 0.5250649079680443,
      "max": 0.5250649079680443,
      "values": [
        0.5250649079680443,
        0.5250649079680443,
        0.5250649079680443
      ]
    },
    "completeness_bertscore": {
      "mean": 0.32433170040448506,
      "std": 0.0006648465047199866,
      "min": 0.323420649766922,
      "max": 0.3249885249137878,
      "values": [
        0.3245859265327454,
        0.3249885249137878,
        0.323420649766922
      ]
    },
    "completeness_rouge_l": {
      "mean": 0.017435306360378138,
      "std": 0.001408686284566563,
      "min": 0.015921348091580627,
      "max": 0.01931368789478487,
      "values": [
        0.01707088309476891,
        0.015921348091580627,
        0.01931368789478487
      ]
    }
  },
  "cache_telemetry": {
    "local_hit_ratio": {
      "mean": 0.9199999999999999,
      "std": 0.1131370849898476,
      "min": 0.76,
      "max": 1.0,
      "values": [
        0.76,
        1.0,
        1.0
      ]
    },
    "remote_hit_ratio": {
      "mean": 0.0,
      "std": 0.0,
      "min": 0.0,
      "max": 0.0,
      "values": [
        0.0,
        0.0,
        0.0
      ]
    },
    "miss_ratio": {
      "mean": 0.08,
      "std": 0.1131370849898476,
      "min": 0.0,
      "max": 0.24,
      "values": [
        0.24,
        0.0,
        0.0
      ]
    },
    "total_hit_ratio": {
      "mean": 0.9199999999999999,
      "std": 0.1131370849898476,
      "min": 0.76,
      "max": 1.0,
      "values": [
        0.76,
        1.0,
        1.0
      ]
    },
    "avg_remote_fetch_ms": {
      "mean": 0.0,
      "std": 0.0,
      "min": 0.0,
      "max": 0.0,
      "values": [
        0.0,
        0.0,
        0.0
      ]
    },
    "total_transfer_mb": {
      "mean": 0.0,
      "std": 0.0,
      "min": 0.0,
      "max": 0.0,
      "values": [
        0.0,
        0.0,
        0.0
      ]
    }
  },
  "retrieval": {
    "avg_hit": {
      "mean": 0.98,
      "std": 0.0,
      "min": 0.98,
      "max": 0.98,
      "values": [
        0.98,
        0.98,
        0.98
      ]
    },
    "avg_top1_score": {
      "mean": 0.5991306860372424,
      "std": 0.0,
      "min": 0.5991306860372424,
      "max": 0.5991306860372424,
      "values": [
        0.5991306860372424,
        0.5991306860372424,
        0.5991306860372424
      ]
    },
    "cache_rate": {
      "mean": 0.0,
      "std": 0.0,
      "min": 0.0,
      "max": 0.0,
      "values": [
        0.0,
        0.0,
        0.0
      ]
    },
    "top_k": {
      "mean": 3.0,
      "std": 0.0,
      "min": 3.0,
      "max": 3.0,
      "values": [
        3.0,
        3.0,
        3.0
      ]
    },
    "embedding_model": "intfloat/e5-large-v2",
    "reranker_model": "BAAI/bge-reranker-large"
  },
  "prompt_cache": {
    "avg_prompt_tokens": {
      "mean": 617.7252631578946,
      "std": 2.7644153529756172,
      "min": 613.8157894736842,
      "max": 619.68,
      "values": [
        613.8157894736842,
        619.68,
        619.68
      ]
    },
    "avg_cached_prompt_tokens": {
      "mean": 467.44701754385966,
      "std": 120.93361954844623,
      "min": 296.42105263157896,
      "max": 552.96,
      "values": [
        296.42105263157896,
        552.96,
        552.96
      ]
    },
    "overall_cached_prompt_ratio": {
      "mean": 0.7558594596000731,
      "std": 0.19300064711555934,
      "min": 0.4829153269024652,
      "max": 0.8923315259488769,
      "values": [
        0.4829153269024652,
        0.8923315259488769,
        0.8923315259488769
      ]
    },
    "cached_request_rate": {
      "mean": 1.0,
      "std": 0.0,
      "min": 1.0,
      "max": 1.0,
      "values": [
        1.0,
        1.0,
        1.0
      ]
    },
    "num_requests_with_usage": {
      "mean": 46.0,
      "std": 5.656854249492381,
      "min": 38.0,
      "max": 50.0,