{
  "num_trials": 3,
  "performance": {
    "queries_per_second": {
      "mean": 0.06060824577741892,
      "std": 0.0024963282038302733,
      "min": 0.05712830072849719,
      "max": 0.06286296930403672,
      "values": [
        0.06286296930403672,
        0.05712830072849719,
        0.06183346729972287
      ]
    },
    "tokens_per_second": {
      "mean": 6.060824577741893,
      "std": 0.24963282038302734,
      "min": 5.712830072849719,
      "max": 6.2862969304036715,
      "values": [
        6.2862969304036715,
        5.712830072849719,
        6.183346729972287
      ]
    },
    "avg_ttft_ms": {
      "mean": 6919.049897193909,
      "std": 112.25634522008143,
      "min": 6760.990047454834,
      "max": 7010.9267473220825,
      "values": [
        6760.990047454834,
        6985.23289680481,
        7010.9267473220825
      ]
    },
    "p50_ttft_ms": {
      "mean": 6466.971278190613,
      "std": 168.00363803599984,
      "min": 6231.993794441223,
      "max": 6614.907026290894,
      "values": [
        6231.993794441223,
        6614.907026290894,
        6554.013013839722
      ]
    },
    "p95_ttft_ms": {
      "mean": 10435.191023349762,
      "std": 113.17528508389086,
      "min": 10277.516317367554,
      "max": 10537.839782238005,
      "values": [
        10277.516317367554,
        10490.216970443724,
        10537.839782238005
      ]
    },
    "p99_ttft_ms": {
      "mean": 11249.563593069712,
      "std": 327.72408522902964,
      "min": 10798.267467021942,
      "max": 11566.608970165253,
      "values": [
        11383.814342021942,
        10798.267467021942,
        11566.608970165253
      ]
    },
    "avg_tpot_ms": {
      "mean": 90.87443141937256,
      "std": 6.5259699728329155,
      "min": 85.88780126571655,
      "max": 100.09326252937316,
      "values": [
        85.88780126571655,
        100.09326252937316,
        86.64223046302796
      ]
    },
    "p50_tpot_ms": {
      "mean": 81.11740787823994,
      "std": 3.1488237578478966,
      "min": 77.78452396392822,
      "max": 85.34149527549744,
      "values": [
        77.78452396392822,
        85.34149527549744,
        80.22620439529419
      ]
    },
    "p95_tpot_ms": {
      "mean": 148.96953908602393,
      "std": 30.287608828861902,
      "min": 123.37991833686829,
      "max": 191.51140570640558,
      "values": [
        132.0172932147979,
        191.51140570640558,
        123.37991833686829
      ]
    },
    "p99_tpot_ms": {
      "mean": 173.15687262217202,
      "std": 31.224098255450556,
      "min": 129.55204348564146,
      "max": 200.99092252254485,
      "values": [
        188.9276518583297,
        200.99092252254485,
        129.55204348564146
      ]
    },
    "avg_latency_ms": {
      "mean": 16006.493039131165,
      "std": 711.1839674870365,
      "min": 15349.77017402649,
      "max": 16994.559149742126,
      "values": [
        15349.77017402649,
        16994.559149742126,
        15675.149793624878
      ]
    },
    "p50_latency_ms": {
      "mean": 15264.812032381693,
      "std": 899.7803130060228,
      "min": 14320.81162929535,
      "max": 16475.767135620117,
      "values": [
        14320.81162929535,
        16475.767135620117,
        14997.857332229614
      ]
    },
    "p95_latency_ms": {
      "mean": 22239.943929513294,
      "std": 2111.912592332165,
      "min": 20504.838168621063,
      "max": 25212.803959846497,
      "values": [
        20504.838168621063,
        25212.803959846497,
        21002.18966007232
      ]
    },
    "p99_latency_ms": {
      "mean": 25262.1416870753,
      "std": 1374.1377402955372,
      "min": 23338.39445590973,
      "max": 26462.29924440384,
      "values": [
        25985.731360912323,
        26462.29924440384,
        23338.39445590973
      ]
    }
  },
  "quality": {
    "faithfulness": {
      "mean": 0.5702537852525711,
      "std": 0.056470149748203496,
      "min": 0.5121969354152679,
      "max": 0.6467729288339615,
      "values": [
        0.5517914915084838,
        0.6467729288339615,
        0.5121969354152679
      ]
    },
    "relevance": {
      "mean": 0.5050981903076172,
      "std": 0.0,
      "min": 0.5050981903076172,
      "max": 0.5050981903076172,
      "values": [
        0.5050981903076172,
        0.5050981903076172,
        0.5050981903076172
      ]
    },
    "completeness_bertscore": {
      "mean": 0.32785582542419434,
      "std": 0.0014408084149154894,
      "min": 0.3258274972438812,
      "max": 0.3290382361412048,
      "values": [
        0.3290382361412048,
        0.3258274972438812,
        0.32870174288749693
      ]
    },
    "completeness_rouge_l": {
      "mean": 0.019508197540260088,
      "std": 0.0001597315457714262,
      "min": 0.019344054307891375,
      "max": 0.019724671535599193,
      "values": [
        0.019455866777289693,
        0.019724671535599193,
        0.019344054307891375
      ]
    }
  },
  "cache_telemetry": {
    "local_hit_ratio": {
      "mean": 0.0,
      "std": 0.0,
      "min": 0.0,
      "max": 0.0,
      "values": [
        0.0,
        0.0,
        0.0
      ]
    },
    "remote_hit_ratio": {
      "mean": 0.0,
      "std": 0.0,
      "min": 0.0,
      "max": 0.0,
      "values": [
        0.0,
        0.0,
        0.0
      ]
    },
    "miss_ratio": {
      "mean": 1.0,
      "std": 0.0,
      "min": 1.0,
      "max": 1.0,
      "values": [
        1.0,
        1.0,
        1.0
      ]
    },
    "total_hit_ratio": {
      "mean": 0.0,
      "std": 0.0,
      "min": 0.0,
      "max": 0.0,
      "values": [
        0.0,
        0.0,
        0.0
      ]
    },
    "avg_remote_fetch_ms": {
      "mean": 0.0,
      "std": 0.0,
      "min": 0.0,
      "max": 0.0,
      "values": [
        0.0,
        0.0,
        0.0
      ]
    },
    "total_transfer_mb": {
      "mean": 0.0,
      "std": 0.0,
      "min": 0.0,
      "max": 0.0,
      "values": [
        0.0,
        0.0,
        0.0
      ]
    }
  },
  "retrieval": {},
  "prompt_cache": {},
  "experiment": {
    "baseline": "no_cache",
    "baseline_family": "no_cache",
    "model": "Qwen/Qwen3-4B",
    "dataset": "squad_v2",
    "dataset_split": "validation",
    "num_queries": 50,
    "num_measured_requests": 50,
    "num_warmup_requests": 0,
    "max_tokens": 100,
    "timestamp": "20260319_151859",
    "seed": 42,
    "backend": "vllm",
    "api_base": "http://localhost:8000"
  },
  "baseline_config": {
    "baseline_type": "no_cache",
    "description": "No caching - full context reprocessing (worst-case baseline)",
    "enable_prefix_caching": false,
    "api_base": "http://localhost:8000",
    "redis_host": "localhost",
    "redis_port": 6379,
    "redis_db": 0,
    "redis_key_prefix": "cage",
    "use_faiss": false,
    "embedding_model": "intfloat/e5-large-v2",
    "top_k_retrieval": 3,
    "ir_index_dir": "./experiments/ir_index",
    "ir_rebuild": false,
    "reranker_model": "BAAI/bge-reranker-large",
    "reranker_top_k": 3,
    "cache_threshold": 0.8,
    "speculative_model": null,
    "num_speculative_tokens": 5,
    "speculative_method": "draft_model",
    "metadata": {}
  },
  "workload": {
    "repeat_queries": 1,
    "warmup_queries": 0,
    "mode": "single",
    "batch_size": 4,
    "multi_turn_length": 3
  },
  "warmup": {
    "num_queries": 0,
    "num_requests": 0,
    "included_in_metrics": false
  },
  "distributed": null,
  "repeat_passes": null
}