{
  "num_trials": 3,
  "performance": {
    "queries_per_second": {
      "mean": 0.0959203122714621,
      "std": 0.007738171496213939,
      "min": 0.0849949919814233,
      "max": 0.10192793074266483,
      "values": [
        0.10083801409029819,
        0.10192793074266483,
        0.0849949919814233
      ]
    },
    "tokens_per_second": {
      "mean": 9.59203122714621,
      "std": 0.7738171496213939,
      "min": 8.49949919814233,
      "max": 10.192793074266483,
      "values": [
        10.08380140902982,
        10.192793074266483,
        8.49949919814233
      ]
    },
    "avg_ttft_ms": {
      "mean": 2375.603756904602,
      "std": 275.01423479864127,
      "min": 2073.4723806381226,
      "max": 2738.770170211792,
      "values": [
        2738.770170211792,
        2073.4723806381226,
        2314.5687198638916
      ]
    },
    "p50_ttft_ms": {
      "mean": 2299.8682260513306,
      "std": 39.821999551820944,
      "min": 2254.689574241638,
      "max": 2351.575493812561,
      "values": [
        2293.3396100997925,
        2254.689574241638,
        2351.575493812561
      ]
    },
    "p95_ttft_ms": {
      "mean": 4715.723621845244,
      "std": 908.5650850098654,
      "min": 3748.5223293304443,
      "max": 5931.872570514677,
      "values": [
        5931.872570514677,
        3748.5223293304443,
        4466.775965690613
      ]
    },
    "p99_ttft_ms": {
      "mean": 5533.666701316833,
      "std": 1912.4919096378317,
      "min": 3856.0373735427856,
      "max": 8209.764096736904,
      "values": [
        8209.764096736904,
        3856.0373735427856,
        4535.198633670807
      ]
    },
    "avg_tpot_ms": {
      "mean": 76.39834481875101,
      "std": 9.588314376683538,
      "min": 66.81917939186096,
      "max": 89.49956703186035,
      "values": [
        66.81917939186096,
        72.87628803253173,
        89.49956703186035
      ]
    },
    "p50_tpot_ms": {
      "mean": 71.08268181482951,
      "std": 5.577709504100597,
      "min": 66.66766047477722,
      "max": 78.95119547843933,
      "values": [
        66.66766047477722,
        67.62918949127197,
        78.95119547843933
      ]
    },
    "p95_tpot_ms": {
      "mean": 102.10703241825104,
      "std": 25.059089231377904,
      "min": 68.38780546188354,
      "max": 128.41107439994812,
      "values": [
        68.38780546188354,
        109.52221739292143,
        128.41107439994812
      ]
    },
    "p99_tpot_ms": {
      "mean": 109.6808442433675,
      "std": 29.680089506347368,
      "min": 69.47881925106049,
      "max": 140.23218972682952,
      "values": [
        69.47881925106049,
        119.3315237522125,
        140.23218972682952
      ]
    },
    "avg_latency_ms": {
      "mean": 10015.438238779703,
      "std": 883.5729533562079,
      "min": 9361.101183891296,
      "max": 11264.525423049927,
      "values": [
        9420.688109397888,
        9361.101183891296,
        11264.525423049927
      ]
    },
    "p50_latency_ms": {
      "mean": 9554.221312204996,
      "std": 714.9894731897876,
      "min": 9008.170485496521,
      "max": 10564.258456230164,
      "values": [
        9008.170485496521,
        9090.234994888306,
        10564.258456230164
      ]
    },
    "p95_latency_ms": {
      "mean": 13809.27066405614,
      "std": 1114.4227289218293,
      "min": 12580.005872249601,
      "max": 15278.062343597412,
      "values": [
        12580.005872249601,
        13569.743776321407,
        15278.062343597412
      ]
    },
    "p99_latency_ms": {
      "mean": 15462.786791324614,
      "std": 1071.0503482423856,
      "min": 14471.803574562071,
      "max": 16950.34063100815,
      "values": [
        14966.21616840362,
        14471.803574562071,
        16950.34063100815
      ]
    }
  },
  "quality": {
    "faithfulness": {
      "mean": 0.5702537852525711,
      "std": 0.056470149748203496,
      "min": 0.5121969354152679,
      "max": 0.6467729288339615,
      "values": [
        0.5517914915084838,
        0.6467729288339615,
        0.5121969354152679
      ]
    },
    "relevance": {
      "mean": 0.5050981903076172,
      "std": 0.0,
      "min": 0.5050981903076172,
      "max": 0.5050981903076172,
      "values": [
        0.5050981903076172,
        0.5050981903076172,
        0.5050981903076172
      ]
    },
    "completeness_bertscore": {
      "mean": 0.32785582542419434,
      "std": 0.0014408084149154894,
      "min": 0.3258274972438812,
      "max": 0.3290382361412048,
      "values": [
        0.3290382361412048,
        0.3258274972438812,
        0.32870174288749693
      ]
    },
    "completeness_rouge_l": {
      "mean": 0.019508197540260088,
      "std": 0.0001597315457714262,
      "min": 0.019344054307891375,
      "max": 0.019724671535599193,
      "values": [
        0.019455866777289693,
        0.019724671535599193,
        0.019344054307891375
      ]
    }
  },
  "cache_telemetry": {
    "local_hit_ratio": {
      "mean": 0.94,
      "std": 0.08485281374238572,
      "min": 0.82,
      "max": 1.0,
      "values": [
        0.82,
        1.0,
        1.0
      ]
    },
    "remote_hit_ratio": {
      "mean": 0.0,
      "std": 0.0,
      "min": 0.0,
      "max": 0.0,
      "values": [
        0.0,
        0.0,
        0.0
      ]
    },
    "miss_ratio": {
      "mean": 0.06,
      "std": 0.0848528137423857,
      "min": 0.0,
      "max": 0.18,
      "values": [
        0.18,
        0.0,
        0.0
      ]
    },
    "total_hit_ratio": {
      "mean": 0.94,
      "std": 0.08485281374238572,
      "min": 0.82,
      "max": 1.0,
      "values": [
        0.82,
        1.0,
        1.0
      ]
    },
    "avg_remote_fetch_ms": {
      "mean": 0.0,
      "std": 0.0,
      "min": 0.0,
      "max": 0.0,
      "values": [
        0.0,
        0.0,
        0.0
      ]
    },
    "total_transfer_mb": {
      "mean": 0.0,
      "std": 0.0,
      "min": 0.0,
      "max": 0.0,
      "values": [
        0.0,
        0.0,
        0.0
      ]
    }
  },
  "retrieval": {},
  "prompt_cache": {
    "avg_prompt_tokens": {
      "mean": 220.1947967479675,
      "std": 1.293717967790414,
      "min": 219.28,
      "max": 222.02439024390245,
      "values": [
        222.02439024390245,
        219.28,
        219.28
      ]
    },
    "avg_cached_prompt_tokens": {
      "mean": 150.64455284552844,
      "std": 0.5592467290555073,
      "min": 149.85365853658536,
      "max": 151.04,
      "values": [
        149.85365853658536,
        151.04,
        151.04
      ]
    },
    "overall_cached_prompt_ratio": {
      "mean": 0.684180580992305,
      "std": 0.006532432252538558,
      "min": 0.6749423267054817,
      "max": 0.6887997081357169,
      "values": [
        0.6749423267054817,
        0.6887997081357169,
        0.6887997081357169
      ]
    },
    "cached_request_rate": {
      "mean": 1.0,
      "std": 0.0,
      "min": 1.0,
      "max": 1.0,
      "values": [
        1.0,
        1.0,
        1.0
      ]
    },
    "num_requests_with_usage": {
      "mean": 47.0,
      "std": 4.242640687119285,
      "min": 41.0,
      "max": 50.0,
      "values": [
        41.0,
        50.0,
        50.0
      ]
    }
  },
  "experiment": {
    "baseline": "prefix_cache",
    "baseline_family": "prefix_cache",
    "model": "Qwen/Qwen3-4B",
    "dataset": "squad_v2",
    "dataset_split": "validation",
    "num_queries": 50,
    "num_measured_requests": 50,
    "num_warmup_requests": 0,
    "max_tokens": 100,
    "timestamp": "20260319_182539",
    "seed": 42,
    "backend": "vllm",
    "api_base": "http://localhost:8000"
  },
  "baseline_config": {
    "baseline_type": "prefix_cache",
    "description": "Single-node prefix caching enabled",
    "enable_prefix_caching": true,
    "api_base": "http://localhost:8000",
    "redis_host": "localhost",
    "redis_port": 6379,
    "redis_db": 0,
    "redis_key_prefix": "cage",
    "use_faiss": false,
    "embedding_model": "intfloat/e5-large-v2",