{
  "num_trials": 3,
  "performance": {
    "queries_per_second": {
      "mean": 0.03329077861481953,
      "std": 0.0005566413613233584,
      "min": 0.03255802072338344,
      "max": 0.03390630372668806,
      "values": [
        0.03255802072338344,
        0.03340801139438709,
        0.03390630372668806
      ]
    },
    "tokens_per_second": {
      "mean": 3.3290778614819527,
      "std": 0.05566413613233588,
      "min": 3.2558020723383443,
      "max": 3.3906303726688063,
      "values": [
        3.2558020723383443,
        3.340801139438709,
        3.3906303726688063
      ]
    },
    "avg_ttft_ms": {
      "mean": 18775.41712443034,
      "std": 144.41884354725588,
      "min": 18652.695698738098,
      "max": 18978.16309928894,
      "values": [
        18978.16309928894,
        18652.695698738098,
        18695.392575263977
      ]
    },
    "p50_ttft_ms": {
      "mean": 18870.508591334026,
      "std": 152.20268195539305,
      "min": 18706.692457199097,
      "max": 19073.336839675903,
      "values": [
        19073.336839675903,
        18831.496477127075,
        18706.692457199097
      ]
    },
    "p95_ttft_ms": {
      "mean": 23895.242313543957,
      "std": 444.4068366911145,
      "min": 23411.142194271088,
      "max": 24484.396767616272,
      "values": [
        24484.396767616272,
        23790.187978744507,
        23411.142194271088
      ]
    },
    "p99_ttft_ms": {
      "mean": 25392.860599358875,
      "std": 396.9875193401429,
      "min": 25015.135469436642,
      "max": 25941.433367729187,
      "values": [
        25941.433367729187,
        25222.012960910797,
        25015.135469436642
      ]
    },
    "avg_tpot_ms": {
      "mean": 84.946639808019,
      "std": 1.4912098117173562,
      "min": 83.25605454444886,
      "max": 86.88372049331664,
      "values": [
        86.88372049331664,
        84.7001443862915,
        83.25605454444886
      ]
    },
    "p50_tpot_ms": {
      "mean": 83.23292851448059,
      "std": 0.6654403630320729,
      "min": 82.61534094810486,
      "max": 84.15666580200195,
      "values": [
        84.15666580200195,
        82.92677879333496,
        82.61534094810486
      ]
    },
    "p95_tpot_ms": {
      "mean": 95.78746887048085,
      "std": 7.001725266100917,
      "min": 90.55492997169495,
      "max": 105.68396067619324,
      "values": [
        105.68396067619324,
        90.55492997169495,
        91.12351596355438
      ]
    },
    "p99_tpot_ms": {
      "mean": 118.87823657194774,
      "std": 13.22721614912593,
      "min": 107.39406211376189,
      "max": 137.40798087120055,
      "values": [
        111.83266673088073,
        137.40798087120055,
        107.39406211376189
      ]
    },
    "avg_latency_ms": {
      "mean": 27270.08110523224,
      "std": 283.3939479479834,
      "min": 27020.998029708862,
      "max": 27666.535148620605,
      "values": [
        27666.535148620605,
        27122.71013736725,
        27020.998029708862
      ]
    },
    "p50_latency_ms": {
      "mean": 27354.96433575948,
      "std": 186.02864094148418,
      "min": 27126.702070236206,
      "max": 27582.374930381775,
      "values": [
        27582.374930381775,
        27126.702070236206,
        27355.81600666046
      ]
    },
    "p95_latency_ms": {
      "mean": 32868.04824272791,
      "std": 780.200621415122,
      "min": 31847.29038476944,
      "max": 33741.207492351525,
      "values": [
        33741.207492351525,
        33015.646851062775,
        31847.29038476944
      ]
    },
    "p99_latency_ms": {
      "mean": 34336.99963887533,
      "std": 900.0746182660628,
      "min": 33471.685316562645,
      "max": 35578.127467632294,
      "values": [
        35578.127467632294,
        33961.18613243103,
        33471.685316562645
      ]
    }
  },
  "quality": {
    "faithfulness": {
      "mean": 0.5043625605768628,
      "std": 0.022831193765257513,
      "min": 0.4745320522785187,
      "max": 0.5299783144394556,
      "values": [
        0.5299783144394556,
        0.5085773150126139,
        0.4745320522785187
      ]
    },
    "relevance": {
      "mean": 0.5250649079680443,
      "std": 0.0,
      "min": 0.5250649079680443,
      "max": 0.5250649079680443,
      "values": [
        0.5250649079680443,
        0.5250649079680443,
        0.5250649079680443
      ]
    },
    "completeness_bertscore": {
      "mean": 0.3243070614337921,
      "std": 0.0002921750105529628,
      "min": 0.32389570951461794,
      "max": 0.3245465242862701,
      "values": [
        0.3245465242862701,
        0.3244789505004883,
        0.32389570951461794
      ]
    },
    "completeness_rouge_l": {
      "mean": 0.016909539914538817,
      "std": 0.0007107436043105298,
      "min": 0.01604739477236914,
      "max": 0.01778812116931304,
      "values": [
        0.01778812116931304,
        0.016893103801934272,
        0.01604739477236914
      ]
    }
  },
  "cache_telemetry": {
    "local_hit_ratio": {
      "mean": 0.0,
      "std": 0.0,
      "min": 0.0,
      "max": 0.0,
      "values": [
        0.0,
        0.0,
        0.0
      ]
    },
    "remote_hit_ratio": {
      "mean": 0.0,
      "std": 0.0,
      "min": 0.0,
      "max": 0.0,
      "values": [
        0.0,
        0.0,
        0.0
      ]
    },
    "miss_ratio": {
      "mean": 1.0,
      "std": 0.0,
      "min": 1.0,
      "max": 1.0,
      "values": [
        1.0,
        1.0,
        1.0
      ]
    },
    "total_hit_ratio": {
      "mean": 0.0,
      "std": 0.0,
      "min": 0.0,
      "max": 0.0,
      "values": [
        0.0,
        0.0,
        0.0
      ]
    },
    "avg_remote_fetch_ms": {
      "mean": 0.0,
      "std": 0.0,
      "min": 0.0,
      "max": 0.0,
      "values": [
        0.0,
        0.0,
        0.0
      ]
    },
    "total_transfer_mb": {
      "mean": 0.0,
      "std": 0.0,
      "min": 0.0,
      "max": 0.0,
      "values": [
        0.0,
        0.0,
        0.0
      ]
    }
  },
  "retrieval": {
    "avg_hit": {
      "mean": 0.98,
      "std": 0.0,
      "min": 0.98,
      "max": 0.98,
      "values": [
        0.98,
        0.98,
        0.98
      ]
    },
    "avg_top1_score": {
      "mean": 0.5991306860372424,
      "std": 0.0,
      "min": 0.5991306860372424,
      "max": 0.5991306860372424,
      "values": [
        0.5991306860372424,
        0.5991306860372424,
        0.5991306860372424
      ]
    },
    "cache_rate": {
      "mean": 0.0,
      "std": 0.0,
      "min": 0.0,
      "max": 0.0,
      "values": [
        0.0,
        0.0,
        0.0
      ]
    },
    "top_k": {
      "mean": 3.0,
      "std": 0.0,
      "min": 3.0,
      "max": 3.0,
      "values": [
        3.0,
        3.0,
        3.0
      ]
    },
    "embedding_model": "intfloat/e5-large-v2",
    "reranker_model": "BAAI/bge-reranker-large"
  },
  "prompt_cache": {},
  "experiment": {
    "baseline": "rag",
    "baseline_family": "rag",
    "model": "Qwen/Qwen3-4B",
    "dataset": "squad_v2",
    "dataset_split": "validation",
    "num_queries": 50,
    "num_measured_requests": 50,
    "num_warmup_requests": 0,
    "max_tokens": 100,
    "timestamp": "20260319_161257",
    "seed": 42,
    "backend": "vllm",
    "api_base": "http://localhost:8000"
  },
  "baseline_config": {
    "baseline_type": "rag",
    "description": "Standard RAG with FAISS vector store",
    "enable_prefix_caching": false,
    "api_base": "http://localhost:8000",
    "redis_host": "localhost",
    "redis_port": 6379,
    "redis_db": 0,
    "redis_key_prefix": "cage",
    "use_faiss": true,
    "embedding_model": "intfloat/e5-large-v2",
    "top_k_retrieval": 3,
    "ir_index_dir": "./experiments/ir_index",
    "ir_rebuild": false,
    "reranker_model": "BAAI/bge-reranker-large",
    "reranker_top_k": 3,
    "cache_threshold": 0.8,
    "speculative_model": null,
    "num_speculative_tokens": 5,
    "speculative_method": "draft_model",
    "metadata": {}
  },
  "workload": {
    "repeat_queries": 1,