{
  "num_trials": 3,
  "performance": {
    "queries_per_second": {
      "mean": 0.06738521218363537,
      "std": 0.003914909198347222,
      "min": 0.061956057102702244,
      "max": 0.07103945848347355,
      "values": [
        0.07103945848347355,
        0.061956057102702244,
        0.06916012096473034
      ]
    },
    "tokens_per_second": {
      "mean": 6.7385212183635375,
      "std": 0.39149091983472223,
      "min": 6.195605710270224,
      "max": 7.103945848347355,
      "values": [
        7.103945848347355,
        6.195605710270224,
        6.916012096473034
      ]
    },
    "avg_ttft_ms": {
      "mean": 2791.172973314921,
      "std": 65.5643994798956,
      "min": 2710.2479124069214,
      "max": 2870.8322715759277,
      "values": [
        2792.438735961914,
        2870.8322715759277,
        2710.2479124069214
      ]
    },
    "p50_ttft_ms": {
      "mean": 2946.6700553894043,
      "std": 55.059037886555835,
      "min": 2903.5990238189697,
      "max": 3024.383068084717,
      "values": [
        3024.383068084717,
        2912.0280742645264,
        2903.5990238189697
      ]
    },
    "p95_ttft_ms": {
      "mean": 4462.375481923421,
      "std": 143.97153473829036,
      "min": 4332.6470494270325,
      "max": 4663.1426215171805,
      "values": [
        4391.33677482605,
        4663.1426215171805,
        4332.6470494270325
      ]
    },
    "p99_ttft_ms": {
      "mean": 4810.06869951884,
      "std": 199.9640737222307,
      "min": 4620.530366897583,
      "max": 5086.592814922333,
      "values": [
        4620.530366897583,
        5086.592814922333,
        4723.082916736602
      ]
    },
    "avg_tpot_ms": {
      "mean": 104.77412266731262,
      "std": 8.44756682107624,
      "min": 96.62458457946778,
      "max": 116.41399908065796,
      "values": [
        96.62458457946778,
        116.41399908065796,
        101.28378434181214
      ]
    },
    "p50_tpot_ms": {
      "mean": 90.10027448336284,
      "std": 5.327620118976451,
      "min": 85.52862405776978,
      "max": 97.57265090942383,
      "values": [
        87.1995484828949,
        97.57265090942383,
        85.52862405776978
      ]
    },
    "p95_tpot_ms": {
      "mean": 159.161996046702,
      "std": 29.484911666224242,
      "min": 133.78151178359983,
      "max": 200.50382256507868,
      "values": [
        133.78151178359983,
        200.50382256507868,
        143.20065379142756
      ]
    },
    "p99_tpot_ms": {
      "mean": 262.53977340062437,
      "std": 41.75515900419505,
      "min": 226.1799335002898,
      "max": 321.01499688625273,
      "values": [
        226.1799335002898,
        240.42438981533044,
        321.01499688625273
      ]
    },
    "avg_latency_ms": {
      "mean": 13268.585240046183,
      "std": 893.2358025471348,
      "min": 12454.897193908691,
      "max": 14512.232179641724,
      "values": [
        12454.897193908691,
        14512.232179641724,
        12838.626346588135
      ]
    },
    "p50_latency_ms": {
      "mean": 12199.918826421102,
      "std": 559.4222058851178,
      "min": 11634.3275308609,
      "max": 12961.786150932312,
      "values": [
        12003.642797470093,
        12961.786150932312,
        11634.3275308609
      ]
    },
    "p95_latency_ms": {
      "mean": 19329.34530973434,
      "std": 2889.3629724133875,
      "min": 16834.61751937866,
      "max": 23379.364645481102,
      "values": [
        17774.053764343254,
        23379.364645481102,
        16834.61751937866
      ]
    },
    "p99_latency_ms": {
      "mean": 28522.744264602636,
      "std": 3157.94438833375,
      "min": 25607.281043529496,
      "max": 32910.31798601145,
      "values": [
        25607.281043529496,
        27050.633764266968,
        32910.31798601145
      ]
    }
  },
  "quality": {
    "faithfulness": {
      "mean": 0.5123242272933325,
      "std": 0.02674233764601444,
      "min": 0.4745320522785187,
      "max": 0.5324623151620229,
      "values": [
        0.5324623151620229,
        0.5299783144394556,
        0.4745320522785187
      ]
    },
    "relevance": {
      "mean": 0.5250649079680443,
      "std": 0.0,
      "min": 0.5250649079680443,
      "max": 0.5250649079680443,
      "values": [
        0.5250649079680443,
        0.5250649079680443,
        0.5250649079680443
      ]
    },
    "completeness_bertscore": {
      "mean": 0.32447691957155866,
      "std": 0.00044884666008059823,
      "min": 0.32389570951461794,
      "max": 0.3249885249137878,
      "values": [
        0.3249885249137878,
        0.3245465242862701,
        0.32389570951461794
      ]
    },
    "completeness_rouge_l": {
      "mean": 0.016585621344420935,
      "std": 0.0008518514397411504,
      "min": 0.015921348091580627,
      "max": 0.01778812116931304,
      "values": [
        0.015921348091580627,
        0.01778812116931304,
        0.01604739477236914
      ]
    }
  },
  "cache_telemetry": {
    "local_hit_ratio": {
      "mean": 1.0,
      "std": 0.0,
      "min": 1.0,
      "max": 1.0,
      "values": [
        1.0,
        1.0,
        1.0
      ]
    },
    "remote_hit_ratio": {
      "mean": 0.0,
      "std": 0.0,
      "min": 0.0,
      "max": 0.0,
      "values": [
        0.0,
        0.0,
        0.0
      ]
    },
    "miss_ratio": {
      "mean": 0.0,
      "std": 0.0,
      "min": 0.0,
      "max": 0.0,
      "values": [
        0.0,
        0.0,
        0.0
      ]
    },
    "total_hit_ratio": {
      "mean": 1.0,
      "std": 0.0,
      "min": 1.0,
      "max": 1.0,
      "values": [
        1.0,
        1.0,
        1.0
      ]
    },
    "avg_remote_fetch_ms": {
      "mean": 0.0,
      "std": 0.0,
      "min": 0.0,
      "max": 0.0,
      "values": [
        0.0,
        0.0,
        0.0
      ]
    },
    "total_transfer_mb": {
      "mean": 0.0,
      "std": 0.0,
      "min": 0.0,
      "max": 0.0,
      "values": [
        0.0,
        0.0,
        0.0
      ]
    }
  },
  "retrieval": {
    "avg_hit": {
      "mean": 0.98,
      "std": 0.0,
      "min": 0.98,
      "max": 0.98,
      "values": [
        0.98,
        0.98,
        0.98
      ]
    },
    "avg_top1_score": {
      "mean": 0.5991306860372424,
      "std": 0.0,
      "min": 0.5991306860372424,
      "max": 0.5991306860372424,
      "values": [
        0.5991306860372424,
        0.5991306860372424,
        0.5991306860372424
      ]
    },
    "cache_rate": {
      "mean": 1.0,
      "std": 0.0,
      "min": 1.0,
      "max": 1.0,
      "values": [
        1.0,
        1.0,
        1.0
      ]
    },
    "top_k": {
      "mean": 3.0,
      "std": 0.0,
      "min": 3.0,
      "max": 3.0,
      "values": [
        3.0,
        3.0,
        3.0
      ]
    },
    "embedding_model": "intfloat/e5-large-v2",
    "reranker_model": "BAAI/bge-reranker-large"
  },
  "prompt_cache": {
    "avg_prompt_tokens": {
      "mean": 619.68,
      "std": 0.0,
      "min": 619.68,
      "max": 619.68,
      "values": [
        619.68,
        619.68,
        619.68
      ]
    },
    "avg_cached_prompt_tokens": {
      "mean": 552.96,
      "std": 0.0,
      "min": 552.96,
      "max": 552.96,
      "values": [
        552.96,
        552.96,
        552.96
      ]
    },
    "overall_cached_prompt_ratio": {
      "mean": 0.8923315259488769,
      "std": 0.0,
      "min": 0.8923315259488769,
      "max": 0.8923315259488769,
      "values": [
        0.8923315259488769,
        0.8923315259488769,
        0.8923315259488769
      ]
    },
    "cached_request_rate": {
      "mean": 1.0,
      "std": 0.0,
      "min": 1.0,
      "max": 1.0,
      "values": [
        1.0,
        1.0,
        1.0
      ]
    },
    "num_requests_with_usage": {
      "mean": 50.0,
      "std": 0.0,
      "min": 50.0,
      "max": 50.0,
      "values": [
        50.0,
        50.0,
        50.0
      ]
    }
  },
  "experiment": {
    "baseline": "hybrid_retrieval_cache_warm",
    "baseline_family": "hybrid",