{
  "num_trials": 3,
  "performance": {
    "queries_per_second": {
      "mean": 0.03416165987345346,
      "std": 3.334142023124124e-05,
      "min": 0.034116815774706474,
      "max": 0.03419670058203593,
      "values": [
        0.034116815774706474,
        0.034171463263617974,
        0.03419670058203593
      ]
    },
    "tokens_per_second": {
      "mean": 3.416165987345346,
      "std": 0.003334142023124318,
      "min": 3.411681577470647,
      "max": 3.419670058203593,
      "values": [
        3.411681577470647,
        3.4171463263617974,
        3.419670058203593
      ]
    },
    "avg_ttft_ms": {
      "mean": 18578.888605435688,
      "std": 37.29042220546619,
      "min": 18543.25189590454,
      "max": 18630.372700691223,
      "values": [
        18630.372700691223,
        18543.25189590454,
        18563.041219711304
      ]
    },
    "p50_ttft_ms": {
      "mean": 18628.70665391286,
      "std": 68.84263229202983,
      "min": 18552.352905273438,
      "max": 18719.19548511505,
      "values": [
        18614.571571350098,
        18719.19548511505,
        18552.352905273438
      ]
    },
    "p95_ttft_ms": {
      "mean": 23974.355320135754,
      "std": 140.5444982071894,
      "min": 23848.584949970245,
      "max": 24170.52776813507,
      "values": [
        24170.52776813507,
        23903.95324230194,
        23848.584949970245
      ]
    },
    "p99_ttft_ms": {
      "mean": 24591.46233399709,
      "std": 124.14911581160082,
      "min": 24456.002576351166,
      "max": 24755.9263586998,
      "values": [
        24562.458066940308,
        24755.9263586998,
        24456.002576351166
      ]
    },
    "avg_tpot_ms": {
      "mean": 82.74353783925375,
      "std": 0.09868374426405899,
      "min": 82.60809903144836,
      "max": 82.84041147232055,
      "values": [
        82.78210301399231,
        82.84041147232055,
        82.60809903144836
      ]
    },
    "p50_tpot_ms": {
      "mean": 82.66581177711487,
      "std": 0.3041841999899458,
      "min": 82.25745439529419,
      "max": 82.98714518547058,
      "values": [
        82.25745439529419,
        82.98714518547058,
        82.75283575057983
      ]
    },
    "p95_tpot_ms": {
      "mean": 94.87246195475261,
      "std": 3.3771170874509195,
      "min": 91.56323146820068,
      "max": 99.50937914848328,
      "values": [
        99.50937914848328,
        93.54477524757385,
        91.56323146820068
      ]
    },
    "p99_tpot_ms": {
      "mean": 98.99206234614053,
      "std": 3.14944591869414,
      "min": 94.77584478855132,
      "max": 102.34361252784728,
      "values": [
        102.34361252784728,
        99.85672972202299,
        94.77584478855132
      ]
    },
    "avg_latency_ms": {
      "mean": 26853.242389361065,
      "std": 39.15694290716556,
      "min": 26823.85112285614,
      "max": 26908.583002090454,
      "values": [
        26908.583002090454,
        26827.293043136597,
        26823.85112285614
      ]
    },
    "p50_latency_ms": {
      "mean": 26894.412477811176,
      "std": 57.29270831401926,
      "min": 26829.71143722534,
      "max": 26969.000577926636,
      "values": [
        26884.525418281555,
        26969.000577926636,
        26829.71143722534
      ]
    },
    "p95_latency_ms": {
      "mean": 32443.34877729416,
      "std": 444.4757694531373,
      "min": 31948.357999324795,
      "max": 33026.36787891388,
      "values": [
        32355.320453643795,
        33026.36787891388,
        31948.357999324795
      ]
    },
    "p99_latency_ms": {
      "mean": 33263.06176106135,
      "std": 388.3985056386916,
      "min": 32966.08391046524,
      "max": 33811.717171669006,
      "values": [
        33011.384201049805,
        33811.717171669006,
        32966.08391046524
      ]
    }
  },
  "quality": {
    "faithfulness": {
      "mean": 0.5504080892271466,
      "std": 0.039729902006555,
      "min": 0.5038549971580506,
      "max": 0.6009299079577128,
      "values": [
        0.6009299079577128,
        0.5038549971580506,
        0.5464393625656764
      ]
    },
    "relevance": {
      "mean": 0.5250649079680443,
      "std": 0.0,
      "min": 0.5250649079680443,
      "max": 0.5250649079680443,
      "values": [
        0.5250649079680443,
        0.5250649079680443,
        0.5250649079680443
      ]
    },
    "completeness_bertscore": {
      "mean": 0.3242739729086558,
      "std": 0.0004138689620745231,
      "min": 0.3238007891178131,
      "max": 0.32480890035629273,
      "values": [
        0.32421222925186155,
        0.3238007891178131,
        0.32480890035629273
      ]
    },
    "completeness_rouge_l": {
      "mean": 0.017156799990095107,
      "std": 0.0008781657436920425,
      "min": 0.016050420268411626,
      "max": 0.018198564864294043,
      "values": [
        0.018198564864294043,
        0.017221414837579652,
        0.016050420268411626
      ]
    }
  },
  "cache_telemetry": {
    "local_hit_ratio": {
      "mean": 0.0,
      "std": 0.0,
      "min": 0.0,
      "max": 0.0,
      "values": [
        0.0,
        0.0,
        0.0
      ]
    },
    "remote_hit_ratio": {
      "mean": 0.0,
      "std": 0.0,
      "min": 0.0,
      "max": 0.0,
      "values": [
        0.0,
        0.0,
        0.0
      ]
    },
    "miss_ratio": {
      "mean": 1.0,
      "std": 0.0,
      "min": 1.0,
      "max": 1.0,
      "values": [
        1.0,
        1.0,
        1.0
      ]
    },
    "total_hit_ratio": {
      "mean": 0.0,
      "std": 0.0,
      "min": 0.0,
      "max": 0.0,
      "values": [
        0.0,
        0.0,
        0.0
      ]
    },
    "avg_remote_fetch_ms": {
      "mean": 0.0,
      "std": 0.0,
      "min": 0.0,
      "max": 0.0,
      "values": [
        0.0,
        0.0,
        0.0
      ]
    },
    "total_transfer_mb": {
      "mean": 0.0,
      "std": 0.0,
      "min": 0.0,
      "max": 0.0,
      "values": [
        0.0,
        0.0,
        0.0
      ]
    }
  },
  "retrieval": {
    "avg_hit": {
      "mean": 0.98,
      "std": 0.0,
      "min": 0.98,
      "max": 0.98,
      "values": [
        0.98,
        0.98,
        0.98
      ]
    },
    "avg_top1_score": {
      "mean": 0.5991306860372424,
      "std": 0.0,
      "min": 0.5991306860372424,
      "max": 0.5991306860372424,
      "values": [
        0.5991306860372424,
        0.5991306860372424,
        0.5991306860372424
      ]
    },
    "cache_rate": {
      "mean": 0.0,
      "std": 0.0,
      "min": 0.0,
      "max": 0.0,
      "values": [
        0.0,
        0.0,
        0.0
      ]
    },
    "top_k": {
      "mean": 3.0,
      "std": 0.0,
      "min": 3.0,
      "max": 3.0,
      "values": [
        3.0,
        3.0,
        3.0
      ]
    },
    "embedding_model": "intfloat/e5-large-v2",
    "reranker_model": "BAAI/bge-reranker-large"
  },
  "prompt_cache": {},
  "experiment": {
    "baseline": "redis_retrieval_cache_cold",
    "baseline_family": "redis",
    "model": "Qwen/Qwen3-4B",
    "dataset": "squad_v2",
    "dataset_split": "validation",
    "num_queries": 50,
    "num_measured_requests": 50,
    "num_warmup_requests": 0,
    "max_tokens": 100,
    "timestamp": "20260319_172723",
    "seed": 42,
    "backend": "vllm",
    "api_base": "http://localhost:8000"
  },
  "baseline_config": {
    "baseline_type": "redis",
    "description": "Redis-backed retrieval-artifact cache (no native prefix caching on the serving path)",
    "enable_prefix_caching": false,
    "api_base": "http://localhost:8000",
    "redis_host": "localhost",
    "redis_port": 6379,
    "redis_db": 0,
    "redis_key_prefix": "phase1:squad_v2:redis_retrieval_cache_cold",
    "use_faiss": true,
    "embedding_model": "intfloat/e5-large-v2",
    "top_k_retrieval": 3,
    "ir_index_dir": "./experiments/ir_index",
    "ir_rebuild": false,
    "reranker_model": "BAAI/bge-reranker-large",
    "reranker_top_k": 3,
    "cache_threshold": 0.8,
    "speculative_model": null,
    "num_speculative_tokens": 5,